Devanagari,Romanization,Language,Root ,Grammatical Form,Definition,,,
??,?h,Sanskrit,?ah (???),Verb Root (Parasmaipada),"To say, speak, declare; to utter or proclaim.",,,
?????,ahanya,Sanskrit,"a- (?, “not”) + han (????, “to kill, destroy”)",Adjective,Indestructible; not to be killed or destroyed,,,
?????,ahnau,Sanskrit,ahán (????),"Noun (neuter, dual case form)","Two days; the dual form of “day” (ahan), referring to a pair of days.",,,
?,ai,Sanskrit,ai,Particle / Interjection,"A particle of addressing; used to call attention, expression of remembrance",,,
???,ajau,Sanskrit,?? (aja),Nominative/Accusative Dual (noun),The two unborn; the two eternal/uncreated ones,,,
?????,ajira?,Sanskrit,"???? (aj, “to move swiftly”)",Masculine noun,"Snake priest; also swift, agile; name of a serpent-priest.",,,
?????,amukau,Sanskrit,From amuka,Dual nominative/accusative/vocative (masc.),The two certain ones; those two so-and-so’s.,,,
???????,andh?t,Sanskrit,???? (andha),Ablative singular (masc./neut.),from the blind one; from blindness,,,
?????,andu,Sanskrit,?and,feminine noun,chain; fetter; bond; ankle ornament; elephant foot-chain,,,
?????,a?gau,Sanskrit,???? (a?ga),Dual masculine (Nom./Voc./Acc.),"two limbs, parts, or departments",,,
?????,a?gho,Sanskrit,—,Interjection / Expletive,"exclamation expressing anger or grief -ah!, alas!, ugh!",,,
???????,a?g?n,Sanskrit,????? (a?gu),Accusative Plural (Masculine),the hands; the limbs; the birds,,,
????,anina,Sanskrit,??- (an-) + ??- (ina),adjective (m/f/n),"without a master or lord; feeble, weak",,,
???????,antikau,Sanskrit,antika (??????),Nominative / Accusative Dual of Masculine Noun,The two nearnesses; the two proximities; the two who are near/close.,,,
??????,anukai?,Sanskrit,???? (anuka),Instrumental plural (m./f./n. adjective used substantively),"By, with, or through the desirous ones, greedy ones, lustful ones",,,
??????,anyan,Sanskrit,"From ???? (anya, “other, different, another”)",Adjective / Pronoun (declined form),"Other, another, different, someone else.",,,
?????,anyau,Sanskrit,???? (anya),Dual Nominative / Accusative,Two others; both others,,,
???,ar,Sanskrit,??,Verb Root (dh?tu),"To attain, to go, to praise, to acquire",,,
???,arara,Sanskrit,—,Noun / Indeclinable,"A door, a covering, a sheath, the sheath of a bamboo shoot, an awl, a part of a sacrifice, war, fighting; Indeclinable — a vocative particle expressing haste.",,,
???,ay,Sanskrit,?i (?),"verbal root, 1st class (?tmanepada; occasionally Parasmaipada)",To go; to move; to proceed; to go toward,,,
??,aya,Sanskrit,?i (to go),adjective / masculine noun,going; moving; course; path; motion; good fortune; luck; die (gaming cube); move (chess); number four,,,
???,ay?,Sanskrit,pronominal base (idam),indeclinable / instrumental form,thus; in this manner,,,
??,?ya,Sanskrit,"?-?i (to come, approach)",masculine noun,"arrival; approach; coming into being; origin; source; income; revenue; gain; profit; means/source (e.g. channels of income); eleventh house (jyoti?a, house of gains; Aquarius when counted from Aries); die; number four; guard of women’s apartments; origination (philosophical)",,,
???,?y?,Sanskrit,"?-?y? (to go, come)",verb (Parasmaipada),to come; arrive; approach; reach; attain; enter into a state,,,
???,ayara,Prakrit,??? (ajara),Adjective / Descriptive,"Ageless, imperishable, undecaying",,,
???,aye,Sanskrit,???? (from ??),"verb, present tense (???), 1st person singular, ?tmanepada",I go; I proceed; I move,,,
?????,ayin,Sanskrit,—,Adjectival suffix form (only in compounds),"Occurring only in compounds; forming adjectives such as “going beyond,” “following,” etc.",,,
?????,?yin,Sanskrit (Vedic),??ya (??),Adjective (m/f/n),Coming near; approaching; hastening toward; driving close,,,
?????,?yin,Sanskrit,?ya,"Adjective (m./f./n., Vedic)","Coming near, approaching, hastening toward",,,
???,ayo,Sanskrit,???? (ayas),"Noun (neuter, stem)","Metal, iron; sometimes “strength” or “weapon” by extension",,,
???,ayu,Sanskrit / Prakrit,"?i / ?yu (to live, vital force)",noun (collective / primordial),mankind; human race; the first man; living humanity,,,
???,bai,Marathi,??? (b??),Noun (Honorific),"A respectful term for mother, lady, or elder woman.",,,
???,baii,Prakrit,inherited feminine title (no Sanskrit verbal root),Feminine noun; vocative/emphatic form,"lady, woman, matron; Mother; respectful form of address (“O Mother!”)",,,
?????,b??ne,Marathi,??? (b??),Instrumental Singular (Feminine),by the lady; by the mother; by the respected woman,,,
??,baka,Sanskrit,—,Masculine Noun (a-stem),"crane, heron; hypocrite, cheat, rogue; name of a demon; name/title (Kubera, ??i, etc.)",,,
???,banau,Sanskrit,??? (b??a),Dual form (nominative / accusative / vocative),Two arrows.,,,
?????,ba??e,Sanskrit (Prakrit-influenced),???? (ba??a),Locative singular (masc./neut.),In the maimed; in the crippled; in the defective or broken one,,,
?????,bandhaka,Sanskrit,"?????? (bandh, “to bind, seize”)",Masculine noun,One who binds; a captor; a catcher; a seizer.,,,
?????,bandhau,Sanskrit,?bandh,Noun – Dual (Nom./Acc.),Two bonds / Two pledges,,,
?????,band?,Sanskrit,"?bandh (?????) – to bind, restrain",Noun (Feminine),"Female prisoner, captive woman",,,
????,b??i,Sanskrit,?va? / ba? (to speak),Feminine noun,"Speech, discourse, the goddess of speech (V??? / Sarasvat?)",,,
????,b???,Sanskrit,?va? / ba? (to speak),Feminine noun (variant form),"Speech, utterance, the goddess of speech",,,
????,ba?k?,Marathi,—,Masculine Noun,"chain of sentinels, guard",,,
????,b??ka,Marathi,—,Masculine Noun,"bend, curvature; winding road; strife, discord; dagger; bench, form",,,
?????,b??k?,Marathi,—,Adjective,"daring, bold, reckless, formidable",,,
???,bay?,Marathi,—,Noun (feminine),A respectful term for a mother or elderly woman; also the weaver bird (Ploceus Philippensis).,,,
?????,b?y??,Sanskrit (Poetic/Archaic),"From ???? (b?y?, “mother, woman”)",Feminine noun — Nominative Plural,Mothers; women; a collective of maternal figures; ancestral or clan-mothers.,,,
???????,b?y?n?,Marathi,"???? (b?y?, “mother, woman”)","Noun (Feminine, Instrumental Plural)",By the mothers; by the women,,,
??????,bayann?,Marathi,??? (b??),Dative / Accusative plural,to the women; to the mothers,,,
???????,b?y?nn?,Marathi,???? (b?y?),Noun (Accusative/Dative Plural),"To/for the women, to/for the mothers",,,
???,bha?,Sanskrit,"?bh?? (“to speak, say, call by name”)",Verb root (dh?tu),"To speak; to utter; to call by name; to recite, to describe",,,
??????,bh???aka,Sanskrit,"????? (bh???a, “utensil, goods”)","Masculine noun (utensil), Neuter noun (goods)","A small vessel, cup, or utensil; merchandise, wares",,,
????????,bh???ik?,sanskrit,????? (bh???a),feminine noun,"a small vessel or implement; figuratively, an agent or servant; sometimes used for a scavenger bird by extension",,,
?????????,bh???ikam,Sanskrit,"from bh???a (“vessel, tool”)",Accusative Singular (neuter),"the tool; the implement; figuratively, a vessel or agent; possibly a scavenger bird (like a crow) by extension.",,,
????????,bh???ik?,Sanskrit,bh???a (?????) ,Feminine noun (?-stem),"A small vessel or implement; by extension a minor servant, helper, agent, or small scavenger bird.",,,
??????,bh?ntau,Sanskrit,????? (bh?m),Masculine Dual — Nom./Acc.,two “bh?nta”; two thunderbolt-shaped or moon-like forms,,,
??????,bh?nte,Sanskrit,??? (bh?),"masculine noun, locative singular (-a stem)",in the shining one; in the radiant form; in the thunderbolt-shaped form (vajrar?pa); in the moon-form (candra),,,
????,bh?nu,Sanskrit,?bh? (??),Noun (Masculine),"Light; ray of light; the Sun, the shining one.",,,
??????,bh?n?n,Sanskrit,???? (bh?nu),Accusative Plural (Masculine),"the suns; lights; rays of light; masters; sovereigns, princes; beauties; days; bearers of the epithet Bh?nu (?iva)",,,
??,bhau,Sanskrit,"From ??? (bh? – to shine, to appear)",Noun (dual),Two shining ones; two luminaries; two stars (sometimes interpreted as Sun and Moon),,,
???,bh?? / bhau,Marathi,"From Sanskrit bhr?t? (??????, “brother”)",Noun (masculine),Brother; used both for elder and younger brothers. Also used as a respectful or affectionate address for a man.,,,
?????,bh????,Marathi,—,feminine noun,"A disorder of the horse: an excrescence or swelling at the knee, producing suppuration and extending from the knee to the pastern.",,,
?????,bh????,Marathi,—,feminine noun,"A tree of several species, including Hibiscus populneus and Thespesia populnea.",,,
????,bhene,Sanskrit,??? (bhena),Locative singular (masculine),in/on the sun; in the regent of an asterism,,,
????,bher?,Sanskrit,—,Noun (feminine ?-stem),"A large kettle drum or war drum, used in battle, festivals, and public announcements.",,,
?????,bhi???,Marathi,—,Noun (Feminine),A sling (corded weapon),,,
?????,bhinn,Prakrit,????? (bhid),"Past Participle (PPP), vowel-dropped form","split, broken, divided; separated; scattered, seduced, bribed",,,
?????,bhinna,Prakrit (? Sanskrit),?bhid,past participle / adjective,"split, broken, divided, separated, distinct, different",,,
??,bho,sanskrit,???? (bhos),particle / interjection,"a vocative particle of address; used to call or attract attention (e.g., “O!”, “Hey!”)",,,
?????,bhogya,Sanskrit,"????? (bhuj) — “to enjoy, partake of”",Adjective / noun (mfn); feminine ?????? (bhogy?),"To be enjoyed or turned to one’s account; to be suffered or endured; profitable; an object of enjoyment, wealth, property, grain, or whore.",,,
??????,bhogy?,Sanskrit,"????? (bhuj, “to enjoy, use”)",Feminine noun,"A harlot, courtesan; one who is enjoyed.",,,
??????,bhogyau,Sanskrit,"?bhuj (to enjoy, partake of)",Vocative dual / Accusative dual / Nominative dual,Two whores; literally “two to be enjoyed”,,,
???,bhoi,Marathi,—,Noun,palanquin bearer; litter-carrier; professional carrier,,,
????,bhoko,Sanskrit,?bhok (??),Noun (Dual),"Hollowness, emptiness, a hole (dual form: two hollows/holes)",,,
???,bhr??a,Prakrit,From ?bh? (“to be”),Noun (masculine a-stem),A being; creature; existent,,,
????,bh?kau,Sanskrit,??? (bh?ka),Nominative / Accusative / Vocative dual (masculine),"Two cavities, two holes, two chasms; two springs; two times; two darknesses",,,
????,bhu?,Sanskrit (Vedic),— (ritual syllable),Indeclinable / chant syllable,"A ritual vocal sound inserted in specific S?man chants for intonation or invocation; non-lexical, no standalone semantic meaning.",,,
??????,bhunun?,Sanskrit,??? (bh?),"Gerund (absolutive, -tv? / -n? suffix type)",having become; having been; after becoming,,,
????,bh?ya? / bhuyo,Sanskrit,?bh? (??),Adverb,"More, again, further, once more; used to indicate repetition, intensification, or continuation",,,
??????,bhuyorau,Sanskrit,?bh? (??),Adverb / Indeclinable,"More, again and again; repeatedly; furthermore. (dual nuance)",,,
???,bina,Marathi (? Skt.),???? (vin?),preposition / prefix,without; lacking; absent,,,
???,bina,Marathi,—,nominal marker (genealogical),"son of (used in notes, lineage records)",,,
????,bin?,Hindi / Urdu (loan),???? (vin?),preposition,without,,,
??????,bindu,Sanskrit,"?bind (to drop, fall)",Noun (Masculine),"Drop, particle; dot, point, spot; zero; nasal dot (anusv?ra); mark on the forehead between the eyebrows; subtle essence or seed; secondary incident in drama",,,
??,bu,Marathi,—,Noun / Interjection,A word used to frighten children; hollow or vain display; pretence; bragging; used to intimidate or deter in the sense of scaring.,,,
??????,bukkau,sanskrit,????? (bukka),masculine noun (dual),hearts; bosoms; blood; goats,,,
?????,bunda,Marathi,?????? (bindu),Masculine / Neuter Noun,"drop, particle, small point; bottom, base, lower part; coffee-berry; excellent, superb, intensified quality",,,
????,b?nda,Marathi,?????? (bindu),Masculine Noun,"drop, particle; coffee-berry",,,
??????,bundau,Sanskrit,"?bund (?????? “to discern, pierce”)",Masculine Noun (Dual),Two arrows; pair of arrows,,,
??????,bu?g,Sanskrit,?????? (vu?g),"Verb Root (Class 1, Parasmaipada)","to forsake, abandon",,,
????,bunta,Marathi,—,noun (f./m.),A cloak or scarf,,,
?????,Burau,Sanskrit,??? (bura),Dual,Powdered sugar; sweet — poetically “doubly sweet” or “extra sweet”,,,
?,ca,Sanskrit,—,adjective / noun,seedless; bad; vile; base; thief; tortoise; moon; one who eats/chews,,,
????,carare,Sanskrit,carara,Locative singular,in the world; in the sky; in heaven; in the atmosphere,,,
??,cau,Sanskrit (Prakritized),?ca (?),Noun (Dual / Desi),"Seedless, vile, defective; also: thief, morally corrupt or barren individual; dual form implies a pair of such people",,,
???,coi,Marathi,(Possibly from Sanskrit ko?a or ?oci),Noun,"Edge, corner, tip (archaic/dialectal)",,,
???,coi,Marathi,—,Noun,"Edge, corner, or tip.",,,
????,cun,Sanskrit,???? (cun),Verbal root,"To cut off, pierce, close, shrink, contract",,,
????,c??,Sanskrit,?c??,Verb root (Class 1: c??ayati),"To contract; to close; to shrink, to divide",,,
??,da,Sanskrit,"?d?	","Verb root (Class 3 P)	","Gift, donation, giving, granting, producing",,,
????,dadat,Sanskrit,??? (d?),Present active participle (?at?),giving; one who gives; while giving,,,
???,dah,Sanskrit,??? (dah),Verb root,"To burn, to consume,
to torment, distress, pain",,,
???,dalau,Sanskrit,?? (dala),Nominative / Accusative dual,two detachments of troops; two divisions or battalions,,,
????,d?tau,Sanskrit,"??? (d?, “to cut”)","adjective, masculine dual nominative/accusative (kta participle)",the two that are cut; the two that are divided,,,
????,datta,Sanskrit / Marathi,?d? (??),Past Passive Participle,"Given, bestowed, assigned, handed over; appointed or designated (without implying completeness or irrevocability).",,,
??,dau,Sanskrit,?? (dah),Nominative / Accusative / Vocative Dual,"the two givers; or the two burners, depending on whether derived from ??? (to give) or ???? (to burn)",,,
???,deha,Prakrit,—,Noun,"Form, shape, bulk (as of a cloud)",,,
??????,dehin,Sanskrit,?dih / ????,Adjective/Noun,"Corporeal body, incarnate, embodied",,,
????,dekhi,Sanskrit (via Prakrit),?d?? (????),Absolutive / Noun-like participle,"Having seen, after seeing; a Prakrit or poetic form derived from Sanskrit d???v? (????????)",,,
????,de?e,Prakrit,"From Sanskrit ??? (d?, to give)","Verb – Present tense, 3rd person singular",He/She/It gives.,,,
????,dera,Marathi,–,Noun,"Encampment, camp, tent; a temporary dwelling place",,,
???,de?a,Sanskrit,???? (di?),Masculine noun,"Region, land, country, locality",,,
??????,de?in,Sanskrit,?di? (????),Noun – Agentive (-in),"Guide, instructor, one who shows/directs, pointing out, showing",,,
????,de?n,Marathi,?d? (??),Absolutive / Conjunctive Participle,Having given,,,
???,dey,Sanskrit,?d? (??),Gerundive / Future Passive Participle,to be given / should be given,,,
??,dh?,Sanskrit,?dh? (??),Verb Root,"To put, place, hold, bear, support, produce; to assume, to wear; to bestow.",,,
???,dhan,Sanskrit,?dhan,"Verb Root (Class 1 P / 3 P, Vedic)","1) To sound, to thunder, to resound. 2) (Ved.) To bear fruit, to produce (grain, etc.). 3) (Ved.) To set in motion, impel, make run; also “to spring forth, flow.”",,,
??,dhan,Sanskrit,?dhan (???),Verb root / Noun,"To sound, resound; to bear fruit, to produce, to yield",,,
???,dha?,Sanskrit,?dha?,Verb Root (Class 1 P),"To sound, to make a noise, to resound (cf. dhvan).",,,
?????,dhanukau,Sanskrit,???? (dhanu – “bow”) + -ka,"Masculine noun, dual (nominative/accusative/vocative)",Two archers; two who possess bows,,,
?????,dh?ru?,Sanskrit / Marathi,"?dh? (??, to hold, support) + -u?a",Adjective (masculine singular),Harsh; severe; cruel; dreadful; formidable.,,,
??????,dh?ru?e,Sanskrit / Marathi,"?dh? (??, to hold, support) + -u?a",Adjective (neuter plural nominative/accusative or vocative singular in Sanskrit; plural/neuter agreement in Marathi),Harsh; severe; cruel; dreadful; formidable (used with neuter plural nouns or as a vocative).,,,
???,dh?ta,Marathi,dh?tu,Feminine noun,semen; generative essence,,,
??,dhau,Sanskrit,? (?ha),Noun (dual),"Two serpents; also an imitative sound, a large drum, a dog’s tail, or a dog.",,,
??,?hau,Sanskrit,— (from ?ha),"Noun (Masculine, Dual)",Two serpents; two dogs; two dog’s tails; two large drums; two imitative sounds,,,
????,dhaukau,Sanskrit,?dhauk (????),"Noun (Dual, Nom./Acc./Voc.)","Two shakes, two blows, two pushes, or two leaps.",,,
????,?haukau,Sanskrit,"??hauk (????, “to go, move”)","Noun/Adjective (Dual, Nom./Acc./Voc.)","Two moving ones, two goers.",,,
??,dhaya,Prakrit,???? (dhvaja),Noun,"Banner, flag, ensign; by extension, mark, emblem; also used metaphorically for “eminent one, ornament of a family/lineage.”",,,
????,dhede,Marathi,???? (dh???),"Plural noun
(masculine)","Ritual companion children; symbolic boys appointed to accompany the groom at weddings. Also used metaphorically to represent assistants, doubles, or junior participants in sacred or public rites.",,,
????,dh??e,Marathi,???? (dh???),Direct (Nominative / Accusative) Plural (Masculine ?-stem noun),Ceremonial children appointed to accompany the bridegroom at marriages; pageboys (male) / flower girls (female),,,
?????,dhejja,Prakrit,"??? (dheya, Sanskrit)",Noun,"To be held or taken; to be produced; to be nourished; to be applied or practiced; an object, aim, or goal",,,
??????,dhenye,Sanskrit / Prakrit,???? (dhenu / dh?n?),Dual (nom./acc./voc.),Two rivers,,,
??,dho,Sanskrit,??? (dh?),Verb form (Present or Imperative),Shake; agitate; move; blow,,,
????,dho?au,Sanskrit,?dh? + ?a,nominative / accusative / vocative dual,the two water-snakes,,,
??,dhu,Sanskrit,??? (dh?),Verb Root,"To shake, agitate, stir up; to shake off; to blow (as wind or breath); to scatter; to cause to move.",,,
????,dh?kau,Sanskrit,??? (dh?ka),"Noun (Dual, Nom.)","Two winds, two rogues, or two times.",,,
????,dhun,Sanskrit,????,?verb root (1P/10A),"to shake, agitate, move, toss; to drive away or dispel (as doubts or impurities); to vibrate or resonate; also figuratively, to purify by agitation",,,
???,dhuna,Prakrit,?dhun (????),Verb Root / Past Participle,"Shaken, agitated; afflicted by thirst or heat.",,,
???,dhu?a,Prakrit,?dh? (??),Noun (masculine)/ imperative 2nd sg.,"Shaking, trembling, agitation; disturbance or motion caused by shaking; by extension, unrest or inner stirring, to remove, throw off, resist, oppose",,,
????,dhunau,Sanskrit,?dhun (????),"Verb – 3rd person dual, present tense","The two shake, agitate, disturb to drive it away",,,
????,dhur,Sanskrit,?dhur / ?dh? (????/??),Noun (feminine),"The yoke-end, pole-end, or central piece to which the yoke is attached; also the load or burden carried. Figuratively: a chief role, responsibility, or obligation.",,,
?????,dhy?na,Sanskrit / Marathi,????? (dhyai),Neuter noun,"Meditation, contemplation, reflection, mind, apprehension, understanding, attention, heed, regard, memory, remembrance, awareness, presence of senses, liking, approval, inclination, form, figure, appearance, iconographic representation of a deity, poetic description of a deity’s form, crazy person (colloquial), mischievous child (colloquial)",,,
????????,dhy?yin,Sanskrit,dhyai (?????),Present Participle / Adjective,One who meditates; absorbed in meditation,,,
??,di,Sanskrit (Vedic),—,Dual ending (morphological),Dual grammatical marker used in certain Vedic noun forms,,,
??,d?,Sanskrit,???,Verb Root,To decay; to waste away; to perish,,,
????,di?h?,Marathi,d??ha,Noun (fem.),a quantity counted as one and a half,,,
????,d?di,Sanskrit,?d?,Verb base / Adjective,"Shine, gleam, be bright; bright, shining; to bestow by shining",,,
????,?ik?,Sanskrit,"— (onomatopoetic, from ?ik/?ik? “small winged insect”)",Feminine noun,A very small gnat or tiny winged insect,,,
???,dina,Sanskrit,"?div (to shine, be bright)",Masculine noun,A day; the period of one rotation of the earth (24 hours); also denotes daytime or the span of sunlight,,,
???,d??a,Prakrit,From Sanskrit ??? (d?na),Adjective,Humble; wretched; lowly; pitiable.,,,
??????,docco,Prakrit,docca (from Skt. Dvit?ya / Dautya),Masculine Nominative Singular,"The second one; envoy, messenger",,,
????,dono,Prakrit,do?a (Sanskrit),Noun – Singular (Nominative),"Vessel, container, or clumsy one",,,
????,dono,Prakrit,"from da?a (noun, “horse”; cf. Sanskrit a?va)",Dual Genitive / Nominative,of the two horses; the two horses,,,
??,d?,Sanskrit,??? (d?),Root (verb),to respect; to honour; to hurt; to fear,,,
??,d?,Sanskrit,??? (d?),Root (verb),to divide; to split; to tear; to fear,,,
????,duja,Marathi (Sanskrit-derived),??????? (dvit?ya),Adjective,second; another; different; a counterpart or one of a pair,,,
????,d?nau,Sanskrit,?dun (????),Verb Root (Parasmaipada) – dual form,"Pained, afflicted, fatigued; to cause pain or distress.",,,
????,d?tau,Sanskrit,?d? (??),"Noun (Masculine, Dual — Nom./Acc./Voc.)",Two messengers; a pair of emissaries.,,,
?????,dvika,Sanskrit,dvi (“two”) + ka (“-ka” affix),Adjective / Masculine noun,two-fold; forming a pair; second; occurring the second time; increased by two (two percent); a crow; a chakrav?ka / ruddy goose,,,
?,e,Sanskrit,"From ? + ?i (“to go, approach”)",Verb / Interjection / Noun,"To come, approach, attain; interjection of remembering, calling, censure, compassion (ha!, ah!, hey!); a name of Vi??u; also denotes the number kharva; the 11th vowel of the alphabet.",,,
?,e,Sanskrit,—,Interjection,"an exclamation of contempt, reproof, or calling attention (“hey!”, “ugh!”, “alas!”)",,,
??,e?a,Prakrit,From Sanskrit e?a / enena,Noun / Pronoun (instrumental),"Antelope, deer; by him, with him, through it.",,,
???,e?e,Sanskrit,?? (e?a),Noun – Locative Singular,"“In the antelope” or “upon the antelope”; locative singular of e?a (antelope, gazelle). Symbolically associated with swiftness, grace, or illusion in Vedic and poetic usage.",,,
?????,enene,Prakrit,idam (????),Instrumental Singular (variant),"By him, with him (poetic or phonological variation)",,,
????,eneya,Sanskrit,"?? (ena) — “antelope, deer”",Adjectival derivative,Deer-like; resembling or pertaining to a deer.,,,
???,en?,Sanskrit,"From ???/eta (to go, flow)",Feminine Noun,"A river, flowing stream.",,,
???,e?i,Sanskrit,"From ?? (e?a, “black antelope”)",Feminine Noun,"A hind, doe; female black deer (antelope); sometimes extended to “poisonous insect.”",,,
???,e??,Sanskrit,"From ?? (e?a, “black antelope”)",Feminine Noun,"Female black deer; also a compound element (e??-ja?gha = antelope-legged, one of the 32 lak?a?as of a mah?puru?a).",,,
???,eno,Sanskrit,From enas (????),Noun (used in compounds),"Fault, sin, crime, guilt; often appears in compounds derived from enas.",,,
???,es / i?,Sanskrit,????,Verb Root (Parasmaipada),"To desire, seek, strive, creep, or hasten toward",,,
????,ga?g?,Marathi,?gam (to go),Feminine noun (?-stem),The Ganges river; sacred river; personified goddess; consecrated water; any sacred stream; symbol of purity or merit,,,
????,geham,Sanskrit,??? (Geha),Neuter noun,House; dwelling; home,,,
???,gey,Marathi / Sanskrit,?? / ?? (gai / g?),adjective (indeclinable),sung; meant to be sung; lauded; worthy of praise,,,
???,ghan,Sanskrit,???? (ghas),Verb root (Parasmaipada),"To eat, consume, devour.",,,
??,gha?,Sanskrit,???? (gha?),Verb root (Parasmaipada),"To shine, glitter, or radiate light.",,,
???,gh?y,Prakrit,??? / ?????,Verb / root form,"to strike, injure, kill",,,
??,ghi,Prakrit,from Sanskrit ??????? (gr??ma),Adjective / noun,"Summer, hot, warm, oppressive heat, scorching",,,
????,ghughu,Marathi,Imitative,Feminine Noun,hoot or cry of an owl or pigeon,,,
????,ghughu,Marathi,—,Adjective,"little, small, childish; feeble or undersized, immature",,,
????,gihi,Prakrit,?????? (g?hin),Noun,possessing a house; master of a house; householder,,,
?????,gni (from agni),Sanskrit,???? (?ag),Noun / verbal root,Fire; kindling; burning; sacrificial flame,,,
????,gunga,Marathi,—,Adjective,Heavy; dull; stupid; senseless.,,,
?,ha,Sanskrit,—,Indeclinable particle (avyaya),"Emphatic particle meaning “indeed, truly,” often expletive in Vedic usage.",,,
??,hai,Sanskrit,?hve (“to call”),Indeclinable particle (vocative / interjection),"a vocative particle; an interjection used in calling out or vociferating (“hey!”, “ho!”, “O!”)",,,
???,hay,Sanskrit,?hi (??),1st Class Parasmaipada,"To go, to move, to worship, to sound, to be weary",,,
??,haya / hay,Prakrit,Related to Sanskrit hata (??) and haya (??),Noun,"Horse, steed; also associated with “struck, destroyed.”",,,
??,he,Sanskrit,—,Exclamatory Particle,Envy; ill-will; expression of malice or hostile calling-out; defiance,,,
?????,heman,Sanskrit,?hi (??) + manin affix,Neuter noun,gold; water; snow; the thorn-apple plant; the Ke?ara/N?gake?ara flower; winter; the planet Mercury,,,
????,h??e,Marathi,Prakrit he?a,Verbal root (infinitive),to lean; to tilt; to bend; to droop; to incline,,,
???,hera,Sanskrit,"— (possibly from ??? h?, “to take, seize”)",Noun (neuter),"Crown, diadem, or head ornament; also denotes demoniacal illusion or deceptive splendor that captivates the mind—symbol of radiant yet illusory appearance.",,,
???,h?ya,Marathi,?h? (?? – to abandon),Gerundive adjective (to be + past passive participle sense),"To be left, abandoned, cast away; rejectable; to be avoided.",,,
????,heye,Sanskrit,From ??? (heya),"Adjective / Noun, Locative Singular","In/with regard, concerning that which is to be avoided, rejected; vile, contemptible.",,,
??,hi,Sanskrit,—,Past participial / enclitic / root-derived,"indeed; surely; for; because, Forsaken, abandoned; also used as an enclitic emphasizing cause or certainty, left behind or cast off",,,
?????,Hi??a,Sanskrit (Buddhist transmission),— (toponym),Proper noun (place name),"An Asian geographic location preserved in Buddhist Sanskrit sources; attested via Chinese phonetic transliteration ?? (x? luó). Near modern Jalalabad, Afghanistan",,,
?????,hiyara,Prakrit,"From Skt. ???? (h?daya, “heart”)",Neuter Noun,"Heart, mind, inner self; affection, compassion, seat of feeling",,,
??,ho,Marathi/Prakrit,??? (bh?) / ho?e,Verb (3rd person),"To be, to become, is/was/were.
A vocative particle used in calling to a person or in challenging; also an interjection of surprise. Poetic/performative marker of closure or emphasis (possibly meaning and in certain circumstances)",,,
????,h?k?,Marathi,—,Noun (Masculine),Mariner’s compass; navigational tool used at sea,,,
??,hu,Sanskrit,?hu,"verb (class 3, parasmaipada)",to offer; to sacrifice; to present an oblation (especially into fire); to perform a ritual offering; (extended usage) to eat,,,
??,h?,Sanskrit,—,indeclinable particle (avyaya),"interjection expressing pride, self-assertion, or boastful emphasis (also used contextually for contempt or emotional force)",,,
????,huhu,Sanskrit,?hve (by anomalous formation),Masculine noun,a Gandharva; a celestial chorister,,,
?????,huku,Marathi,"Onomatopoetic root, expressing a short sound or vocal imitation",Noun / Interjection,a sound; a small utterance; to mimic or imitate a sound,,,
????,hum,Sanskrit,—,indeclinable particle,"expresses remembrance, doubt, assent, anger, aversion, reproach, interrogation; also used in spells/incantations",,,
????,hum,Sanskrit,— (onomatopoetic),Indeclinable particle / interjection,"interjection expressing remembrance (“ah!”), doubt, assent (“yes”), interrogation (“hey?”), anger, aversion, reproach; also a mystical syllable used in spells and incantations",,,
???,hu?,Sanskrit,hum,Indeclinable particle (phonetic variant),reduced or nasalized form of hum used especially in compounds and ritual or incantatory contexts,,,
????,h?m,Sanskrit,— (onomatopoetic),Indeclinable particle / interjection,"variant of hum; expresses doubt, interrogation, assent, anger, fear, reproach, aversion; also a magical or mystical monosyllable",,,
????,hun,Sanskrit,?hu,"verbal form (restricted; optative stem, 3rd sg. hunet)","to sacrifice; to offer (attested only in potential/optative usage, ritual context)",,,
?,i,Sanskrit,—,Vowel,"The vowel “i”; sound of approach, energy, or subtle invocation",,,
???,i?,Sanskrit,—,Feminine noun,"Offering, prayer, Earth, food, rainy season, or sacred speech (especially in Vedic rituals).",,,
???,Id?,Sanskrit,pronominal base i,indeclinable adverb,Now; at this moment,,,
??,I?a,Sanskrit,?i?,masculine noun,Epithet of Agni; Name of a king,,,
???,I??,Sanskrit,?i?,feminine noun,"Earth; Speech; Libation or sacrificial offering; Refreshment or nourishing draught; Food; Stream or flow of praise personified as a goddess; Cow; Goddess (daughter of Manu, wife of Budha, mother of Pur?ravas); Name of Durg?; Heaven; Vital channel or tubular vessel (n???)",,,
???,???,Sanskrit,???,feminine noun,Praise; Commendation,,,
???,ih,Sanskrit,???? (ih),Verb Root (Parasmaipada / ?tmanepada),To wish; to desire; to attempt; to strive for.,,,
????,ijanau,Sanskrit,?ij,"Noun, dual (nominative/accusative)",Two sacrificers; a pair of worshippers or priests performing sacrifice,,,
?????,ij?r?,Marathi,Arabic (????? ij?rah),Noun,"A lease or contract;  a monopoly or exclusive right; a farmed item of revenue (tax lease);  colloquially, trousers or lower garment (rare regional usage).",,,
?????,ijye,Sanskrit,?yaj (???),Locative singular (masc. noun ?????),in the worship-worthy one; upon the revered teacher; within the Supreme Being; in the honored authority,,,
?????,ijye,Sanskrit,?yaj (???),Nominative / Accusative / Vocative dual (fem. noun ?????),the two sacrifices; the two acts of worship; the two offerings,,,
??????,???nn?,Marathi,?? (??a),dative plural,during the times; to the periods; to the while(s),,,
???,Imau,Sanskrit,???? (idam),"Pronoun, Nominative Dual (Masc./Fem.)",These two (masc./fem.),,,
???,in / een,Sanskrit,?in (???),Noun / Verb root,"Lord, master; also: to rule over, to take possession of, to drive, to advance",,,
??,ina,Sanskrit,?i? / ?i,adjective; masculine noun,"able, strong, powerful, bold, glorious; a lord; the sun; a king; the lunar mansion Hasta",,,
????,inam,Sanskrit,?? (ina),Accusative singular (masculine a-stem),The strong one; strength (as the object of an action).,,,
???,inau,Sanskrit,"?? (ina) – strong, powerful",Nominative / Accusative dual (masculine a-stem),The two strong ones; the pair of powerful beings (as subject or object).,,,
?????,ind,Sanskrit,?ind (?????),Verb Root (Parasmaipada),"To be powerful, vigorous, active; to pour or drop (liquid).",,,
??????,Indak?,Sanskrit,????? (Indaka) — proper noun,Feminine noun,A king-star positioned overhead in the M?ga??r?a Nak?atra (a governing star within that lunar mansion).,,,
????,indha,Sanskrit,"?indh (to kindle, inflame, light)",Noun / Agentive,"Fuel; kindling; that which enflames or is enflamed (lightning, fire-starter)",,,
???????,indh?t,Sanskrit,indh (?????),Ablative singular of masculine noun indha,from the kindling one; from the lighting one; from fuel,,,
?????,indhau,Sanskrit,??????,"Masculine a-stem, Dual",the two kindlers; two igniters; the two who enflame,,,
???????,Indhaukau,Sanskrit,Indhu (?????? / moon) + -kau (dual/plural suffix),Compound noun,“Little moons” or “pair/small cluster of moons”,,,
?????,indhe,Sanskrit / Marathi,???? (idh),"Present tense, 3rd person singular, middle voice","It kindles, it lights, it burns; also it is kindled / it blazes",,,
???????,indhehi,Prakrit,?indh (Skt. ?????),"Verb (imperative, 2nd pl.) or Instrumental plural",ignite; kindle; set ablaze (you all) / by kindlings; by ignitions; through fire or activation,,,
?????,indhi,Sanskrit,????? (indh),Imperative — 2nd person singular,“Kindle! Ignite! Set alight!”,,,
?????,indu,Sanskrit,"?und / ?ind (to moisten, to drop)",Masculine noun (u-stem),the moon; a drop (esp. Soma); bright spark; camphor; point on a die; designation of anusv?ra; “one” (math.); night/moonlight,,,
???,ine,Sanskrit,?i? / ina,Locative Singular (m.),"In Ina, within the Lord, in the master",,,
???,ine,Sanskrit,??? (Ina),Locative singular (a-stem noun),In/on the Sun,,,
???????,i?ganai?,Sanskrit,?????? (i?g),Instrumental plural (neuter noun ?????),by means of movements; by shakings; through acts of motion or separation,,,
?????,inge,Sanskrit,?????? (i?g),Verb (1st person singular ?tmanepada),I move; I go; I myself move,,,
???????,i?gye,Sanskrit,?????? (i?g),Locative singular,in / on / at the movable; within that which moves or goes,,,
???,?ni,Sanskrit,?in (???),Locative singular (masc. -in stem noun),in the Lord; upon the Lord; within the Lord; under the domain of the Lord,,,
?????,inini,Sanskrit,?in + -ini,Feminine noun (suffix -ini),Lady Lord; Female Master,,,
??????,??khaye,Sanskrit,"i?kh (to move, flow)",Locative singular (masc./neut.),In/on/at the moving one,,,
??????,??khaye,Sanskrit,????? (??kh),Locative singular,in / on / at the moving; within that which flows or goes,,,
???,i?ay,Sanskrit,??? (i?),Verbal derivative,to be fresh; to be active; to be lively; to be eager,,,
?????,??in,Sanskrit,???? (??),Noun (masculine),"Lord, master, ruler, husband; one who rules, commands, or reigns",,,
??????,itthi?a,Prakrit,from Sanskrit str? (woman),Feminine noun,Woman; female; lady,,,
????,iyun,Marathi,??? (to go),Gerund / Absolutive (contracted form of ???? j??n),having gone; after going; by going,,,
?,ja,Sanskrit,—,Masculine/Feminine/Neuter adjective or noun,"Born from; produced by; belonging to; masculine can mean father, progenitor; feminine j? = mother; also name of ?iva/Vishnu, light, speed, poison.",,,
??,j?,Sanskrit,—,Feminine noun,"Mother; also husband's brother's wife; by extension, a matron or female progenitor.",,,
???,ja?e,Sanskrit,?? (ja?a),Locative singular (masculine/neuter),"In, at, or on the inert, lifeless, immobile, or unresponsive one; in the dulled, numb, or senseless being; in the speechless (mute, dumb) person; figuratively, in the mentally dull, foolish, or stupefied state; in that which is heavy, coarse, or without consciousness or activity.",,,
?????,j?du?,Marathi,???? (j?du) + -? (-?),Adjective,"Magical; pertaining to magic, sorcery, witchcraft.",,,
????,jahiya,Prakrit,?jah,Participial Noun,One who leaves / departs,,,
???,jan,Sanskrit,?jan (???),verbal root (dh?tu),to be born; to produce; to engender; to generate,,,
??,jana,Sanskrit,?jan (???),Noun (masculine),"Individual, living being, person; also used for people, tribe, race, or nation",,,
????,janadh?,Sanskrit,?? (jana) + ??? (dh?),Adjective,"nourishing creatures, sustaining beings, one who sustains and nourishes creatures",,,
???,janana,Sanskrit,???? (jan),Noun / Verbal Noun,"Birth, race, family, lineage; the act of generating or giving rise to, appearance, manifestation.",,,
?????,j?n?na,Sanskrit,"????? (jń?, “to know”)",Present active participle,Knowing; understanding; wise,,,
?????,jananad?,Sanskrit,"??? (janana, birth, producing) + ?? (d?, giver)",Compound noun (feminine),Birth-giver; one who gives birth; mother.,,,
????,janane,Sanskrit,???? (jan),Locative singular (neuter a-stem),in birth; in generation; in the act of producing; in manifestation,,,
???,jani,Sanskrit,?jan,Feminine noun (i-stem),"birth, creation, production, origin, life, existence, birthplace, woman, mother, wife, daughter-in-law, generative source; figuratively, the fingers; also a fragrant plant",,,
????,janina,Sanskrit,"?? (jana) — “to produce, to be born, to be made”",Adjectival derivative,"Appropriate, suitable, or fit; proper by nature or origin.",,,
??????,janinai?,Sanskrit,?? (jana),Instrumental plural (masculine / neuter),"By, with, or through the suitable or fit (ones).",,,
?????,janukau,sanskrit,???? (januka),dual (nominative / accusative / vocative),"the two knees; poetically, the kneeling ones",,,
???,jar?,Sanskrit,?j? (??),Noun (feminine),"Old age, aging, decay; the process of withering",,,
????,jarad,Sanskrit,??? (j?) / ??? (j?),Past participial stem / adjective,old; aged; worn out by age,,,
????,jara??,Marathi,From Skt. jar? (age),Masculine noun,Age; decay; used mainly in fixed phrases,,,
????,jara??,Marathi,— (intensifier particle used with colors),Indeclinable particle (ind.),"A particle that intensifies color-words; e.g., piva??-jarda “deep/dusky yellow,” t?mba??-jarda “dark red,” also used with k???, hirav?.",,,
????,jara?e,Sanskrit (Epic / Prakritized),???? (jara?),"Locative singular, masculine ?-stem",in / on / among the worn one; in the defective one; in the feeble or defective one,,,
????,jara??,Marathi,"From Sanskrit jar? (??? “old age, decay”)",Noun (feminine),"An old, frail, or feeble woman.",,,
????,jarat,Sanskrit,"??? (j?) — “to wear out, decay, age”",Participle / Adjective,"Old, aged; worn out; decayed; one who has grown old.",,,
?????,jarato?,Sanskrit,??? (j?) / ??? (j?),Genitive / Locative Dual (adjectival stem ????),of two aged ones; in two aged ones,,,
???,jarau,Sanskrit,??? (jar?),Dual nominative / accusative / vocative,two old ones; the two aged,,,
?????,jardau,Sanskrit,???? (jarda),Nominative dual (masculine),"Two aged, decayed, or enfeebled ones; figuratively two weakened or withered beings.",,,
????,Jarjara,Sanskrit,?j?, Adjective,"Illness,shattered, decayed,  worn out",,,
???,jaro,Prakrit,?jar (???),Noun / Participle,"Old, aged, worn down; subject to decay or aging",,,
????,j?ti,Sanskrit,?jan (to be born),feminine noun,birth; species; kind; class; caste; innate nature; type,,,
??,jau,Sanskrit,jan (to be born),Masculine dual nominative/accusative,the two who are born from…; the two descended from… (dual form of ja?),,,
??,j?,Marathi,—,Conjunction; vocative particle; pronoun (poetic),that; who; which; reverential address “O”,,,
???,je?a,Prakrit,??? (yata?),Indeclinable / conjunction,"Since, because.",,,
????,jenu,prakrit (from sanskrit madhu),??? (madhu),neuter noun,honey,,,
???,jera,Marathi,—,Noun / idiom,"To be overcome or subdued; often used for being taken ill or under the grip of disease; also means to be caught, trapped, or rendered powerless.",,,
???,j?ra,Marathi,— (from Persian/vernacular loan),Adjective,"Inferior, feebler, of less power or dignity; overcome, exhausted, enfeebled, or reduced by disease, poverty, etc.; opposite of jabaradasta (“strong, powerful”).",,,
????,jere,Marathi,??? (jera),Adjective / Derivative Noun,"Inferior, lower in rank or quality",,,
??????,je?h? (j?ra),Marathi,From Persian zanj?r via Prakrit; older orthography,Masculine Noun,"1. Check, restraint, confinement; 2. Inferior, feebler, of less power or dignity; 3. Overcome by, subjected to, humbled",,,
?????,jharoko,Marathi,From Hindi/Urdu ????? < Pers. zarokha,Masculine Noun,"Small window, balcony, lattice opening; an outlook or viewpoint",,,
???,jina,Sanskrit,?ji (“to conquer”),Adjective / Noun,"Victorious, triumphant; very old; epithet of Vi??u; title of a Jaina Arhat or chief saint; a very old man",,,
???,jina / ji?a,Prakrit,"From Sanskrit ??? (jina, “conqueror”) and related to ????? (j?r?a, “worn, old”)",Noun / Adjective,"A conqueror; especially an enlightened one in Jainism. Also means old, aged, worn out, very old.",,,
???,J?ra,Sanskrit,?? (ju),Noun (masculine),A sword; a sacrificial knife or scimitar; also cumin seed or an atom.,,,
?????,j?r??,Sanskrit,From ?ju (to go quickly) with -rak (Unadi affix),"Noun, masculine plural (nominative)","Swords; plural of j?ra (a sword, scimitar, sacrificial knife).",,,
????,jirau,Sanskrit,"?j? (?? “to grow old, decay”)","Verb (Present, 2nd person dual, Parasmaipada)",You two decay; you two grow old.,,,
????,jire,Sanskrit,??? (jira),Noun (Locative Singular),In the sword; upon the sword; at the sword,,,
?????,jń?na,Sanskrit,?jń? (to know),Neuter a-stem noun,"Knowledge, learning, understanding; sacred/spiritual knowledge",,,
???????,jń?nam,sanskrit,???? (jń?),neuter noun,knowledge; understanding; wisdom; awareness,,,
????????,jń?nin,Sanskrit,"????? (jń?na, “knowledge”)",Adjective / masculine noun (in-stem),"Wise, intelligent; one who knows; a sage possessing spiritual knowledge; an astrologer or knower of future events; Mercury (the planet)",,,
????,jun,Sanskrit,"?jun (to go, move)","Verb Root (Class 6, junati)","To go, to move; variant reading of ?ju? in some texts.",,,
???,j?na,Marathi,Sanskrit ????? (j?r?a),Adjective,"hardened; firm; ripened; figuratively confirmed or stiffened (in understanding or character), stubborn",,,
????,j?n?,Marathi,j?n,"Adjective, Masculine Nominative Singular","Hard or firm from maturity; fully mature; ripened, confirmed, stiffened, stubborn",,,
????,jur,Sanskrit,?jur,Verb Root (Parasmaipada),"To injure, to do violence, to cause harm; to hurt, afflict. Used in Vedic and later texts in the sense of “violence, injury, wounding.”",,,
????,jura?,Sanskrit,?jur (????),Noun (Singular),"Injury, violent act",,,
????,jurau,Sanskrit,?jur (????),Noun (Dual),"Injuries, violent acts (two instances)",,,
??????,kaderai?,Sanskrit,"???? (Ka?era, a country/people)","Noun (proper, masculine plural instrumental)",with or through the Ka?eras; by means of the Ka?eras (people of Ka?era),,,
??,kai,Sanskrit,??? (kai),Verb Root,"To sound, to utter a tone or cry.",,,
??????,k?ńc?,Sanskrit,?????? / ???? (to bind / shine),feminine noun,a woman’s girdle; ornamental waist-zone with bells,,,
??????,k?ńc?,Sanskrit,—,"proper noun, feminine",K?ńc?; ancient sacred city in South India (Kanchipuram),,,
??????,k?ńc?,Sanskrit,—,feminine noun,guńj? plant (Abrus precatorius),,,
??,kau,Sanskrit,ka,"Pronoun, nominative/accusative/vocative dual","who two, which two",,,
??,kaya,Prakrit,from Sanskrit ??? (k?ya),Noun (masculine),"Body, person, self; sometimes assembly or group (in certain Jain and Buddhist Prakrit contexts).",,,
???,k?ya,Sanskrit/Prakrit,?k? (??) / k?ya (noun stem),Noun – Masculine,"Body, form, physical embodiment; also used for an assembly, group, or organized collective",,,
???,kayara,Prakrit,from Sanskrit karu?a / k?pa?a,Adjective / Noun,"distressed; afflicted; miserable; pitiable; by extension, despised",,,
?????,k?yata,Marathi,k?ya (???) + -ta,noun,"A member of the K?yata (Kayastha) scribal class; one associated with writing, record-keeping, administration, or official documentation",,,
???,kaye,Prakrit,?? (kaya) ? Skt. ??? (k?ya),Nominative dual,two bodies; two assemblies; a pair or joined group,,,
????,k?ye,Sanskrit,??? (k?ya),Locative Singular (masculine a-stem),in the body; within the body,,,
?????,k?yena,Sanskrit,??? (k?ya),Instrumental singular,by / with / through the body,,,
??????,kayin,Sanskrit,??? (k?ya) — “body”,Adjectival derivative,Large-bodied; having a great or strong body.,,,
????,Kekaya,Sanskrit,Proper noun,Masculine noun (kingdom / tribal name),Name of an ancient northwestern K?atriya (warrior) kingdom or tribe; politically allied with major epic lineages and later linked to the Solar Dynasty (S?ryava??a) through the marriage of Kaikey? to King Da?aratha in the R?m?ya?a.,,,
????,keraya,Prakrit,?????? (preraya) / ??????? (prerit),Past participle / adjective,"Connected, attached, inspired",,,
?????,keyura,Sanskrit,—,Noun (masculine/neuter),"An upper-arm bracelet or armlet; ornamental band worn on the upper arm, often in royal or divine iconography",,,
??????,keyurada,Sanskrit,?d? (??),Compound Noun,"Upper arm bracelet; -da as suffix means ""giver"" or ""bestower"" – thus, ""bestower of the armlet"" or ""one adorned with a keyura""",,,
?,kha,Sanskrit,—,Noun,"Sky, ether, sun, atmosphere; heaven; celestial space",,,
?,kha,Sanskrit,—,Noun,"the sun; the sky; heaven; organ of sense; city; field; zero (cypher); dot (anusv?ra); cavity, hole, or aperture (esp. of the human body); wound; happiness; tale; action; knowledge; Brahman; the glottis; the tenth mansion from a constellation or the sun’s entrance into it",,,
??,kh?,Sanskrit,—,Feminine noun,"a well, fountain; river; P?rvat?; the earth; Lak?m?; speech",,,
????,kh?ni,Sanskrit,"From ?? (khana, “to dig”)",Noun (feminine ?-stem),"A cave; a mine, especially one rich in jewels or minerals.",,,
??????,khańjena,Sanskrit,khańja (????),instrumental singular (masc./neut.),by / with / through one who is lame; by means of defective movement; instrumentally “by the lame one”,,,
????,khera?,sanskrit ? later indo-aryan,??? (khera),masculine noun,refuse; discarded material; worthless thing; trash; also a tree (acacia catechu) or village in older usage,,,
????,khin,Sanskrit,?khin (????),Verb Root,"To be weary, to be dejected, to be fatigued",,,
?????,khi??a,Prakrit,?khid,Past Participle (PPP),distressed; afflicted; depressed; sorrowful; weary; exhausted; worn down,,,
???,kho?,Sanskrit,? (kha),Genitive / Locative Dual (archaic contraction of khayo?),of the two skies; in the two skies; of or in the two spaces,,,
??????,khumukau,Sanskrit,khumuka (??????),Masculine Dual (-au),Two pigs; the two hogs.,,,
???,kii,Prakrit,k?ti (????) < ?k?,Feminine noun,Deed; act; action; work; creation; accomplishment,,,
????????,kińcit,Sanskrit,kim + cit,indeclinable pronoun / adverb,"something; a little; somewhat; anything at all,",,,
????,kocau,Sanskrit,??? (koca) ? ????? (?kuc),Nominative / Accusative / Vocative Dual (Masculine a-stem noun),Two dryings; two witherings; two instances of desiccation,,,
????,kocaya,Sanskrit,"?kuc (????) – to contract, shrink","Verb – Causative, 2nd person singular imperative","Cause to contract, cause to shrink, cause to become small",,,
???,ko?,Marathi,Indo-Aryan ka,Interrogative pronoun,who; which person,,,
???,ko?a,Sanskrit,(from ku?/kar),masculine noun,corner; angle; edge; musical stick; Mars; Saturn; intermediate compass point,,,
????,ko?au,Sanskrit,"??? (kona) – angle, corner, tip","Noun (Dual, Nom./Acc./Voc.)","Two corners, two angles, two tips",,,
????,k?? / sai,Sanskrit,???? (k??),Root verb,to waste away; to decline; to diminish; to wane,,,
????,kuhau,Sanskrit,?kuha (???),Noun – Dual (Masc./Neut.),The two deceivers; a pair of fraudulent or deceitful ones,,,
?????,kuho?,Sanskrit,????? (kuh),Genitive dual,of the two rogues; of the two deceivers,,,
???,kui,Marathi,Onomatopoetic (sound imitation),Noun / Interjection,Shrill or wailing cry; the cry of a jackal; also a sharp lamenting call in poetry,,,
?????,kujara,Prakrit / Regional Sanskrit,??????,Variant noun form,Variant pronunciation of kuńjara (elephant; temple type),,,
????,k??,Sanskrit,?k?? (????),"Verb Root, Class 10 (Parasmaipada / ?tmanepada)",To contract; to close; to speak; to converse,,,
??????,kuńjara,Sanskrit (Classical),—,Masculine noun,Elephant; pre-eminent; number eight; a temple type,,,
???,kuya,Prakrit,"from Sanskrit kuj (to utter a cry, esp. of a bird)",Verb root,to cry out; to coo; to caw or call as a bird (esp. a crow or pigeon),,,
??????,lokan,Prakrit,??? (loka),accusative plural (spoken form),worlds; realms; domains of experience; planes of existence (often sensory or inhabited realms),,,
????,lokau,Sanskrit,loka,Noun (Dual),"The two worlds; realms, planes",,,
???,m?ca,Sanskrit,??? (?mac),Masculine Noun,"Path, road, track; a way or route of movement",,,
????,macca,Prakrit,Skt. mad / martya,masculine noun,Mortal; human being; one subject to death.,,,
????,macca,Prakrit,—,masculine noun,A man; a person (Prakrit form corresponding to Sanskrit martya).,,,
??????,macche?a,Prakrit (Ardham?gadh?-type),???? ? ?????? (matsya),Instrumental singular,"by / with / through the fish; by means of the fish; using a fish (ritual, literal, or symbolic)",,,
????,mah?n,Marathi (from Sanskrit),???? (mahat),Adjective,"great, large, mighty, important, eminent",,,
??,mai,Prakrit,?????? (sm?),Noun / Past Participle,Remembrance; memory; the act of recalling or keeping in mind. Derived from Sanskrit ???? (sm?).,,,
???,m??,Marathi,—,Noun (Honorific / Familial),Mother; a respectful or affectionate term for one’s own mother or an elderly maternal figure.,,,
????,maika,Marathi (colloquial),m?yika (?????) < m?y?,Adjective (non-standard pronunciation),Illusory; deceptive; fraudulent; colloquial contraction of m?yika,,,
???,makhau,Sanskrit,makh-,"Masculine a-stem noun, nominative/accusative/vocative dual",Two sacrifices; ritual offerings; acts of worship,,,
?????,makhin,Sanskrit,"?? (makha, “sacrifice, ritual”)","Noun (masculine in-stem, agent noun)",A sacrificer; one who performs the sacrifice,,,
????,m?k?,Sanskrit,—,"Noun (dual, feminine)",Heaven and Earth; the two great ones ,,,
??????,manjun,Sanskrit,????? (manju),Adjectival derivative,"Beautiful, pleasing, charming; derived form of manju meaning gentle or lovely in sound, form, or manner",,,
????,m?rada,Sanskrit,"m?ra (???, “death”) + da (?, ?d? “to give”)",Neuter noun,Flesh; meat,,,
????,m?rada,Sanskrit,"m?ra (???, “death”) + da (?, ?d? “to give”)",Bahuvr?hi compound (adj.),Death-giving; destructive,,,
??,mau,Marathi,—,Adjective,"Soft, mild, placid, gentle; used for texture, tone, temperament, or atmosphere.",,,
??,mau,Sanskrit,? (ma),Nominative / Accusative / Vocative Dual (Masculine),"two times; two poisons; two magical formulas; two moons; two sovereign beings (Brahman, Vi??u, ?iva, Yama); two syllabic feet (ma-ga?a)",,,
????,m?y?,Sanskrit,??? (m?),feminine noun,"deceit, fraud, trick, artifice; jugglery, enchantment; illusion produced by skill, magic, or contrivance",,,
??????,m?yin,Sanskrit,"????? (m?y) — “to measure, to form, to create illusions”",Masculine noun / agent noun,possessor of M?y?; magician; illusion-maker; deceiver; creator of appearances,,,
????,meghe,Sanskrit,??? (megha),Locative singular noun,in / on / at the cloud,,,
????,meke,Sanskrit,"??? (meka, ram/goat/sheep)",Noun (Locative Singular),"In/at/on the ram, sheep, or goat",,,
???,moca,Sanskrit,?muc,noun (masculine),Tree (specifically Baheda or Terminalia belerica),,,
????,mohau,Sanskrit,?muh,"masculine noun, dual (nominative / accusative)","the two hallucinations; two states of mental obscuration arising from confusion or ignorance, characterized by loss of clear perception, mistaken judgment, false attachment, or infatuation; a paired condition of bewilderment that prevents discernment of truth and binds the mind to error, illusion, or misplaced affection",,,
????,mohau,Sanskrit,????? (muh),Nominative / Accusative / Vocative Dual Masculine (a-stem),Two swoons or losses of consciousness; two states of perplexity or delusion; two forms of folly or ignorance; two errors or mistakes; two states of astonishment; two afflictions; two magical delusive arts; two mental delusions preventing discernment of truth; two attachments born of illusion.,,,
???,moka,Sanskrit,?muc (????),"Noun, neuter",A pupil; a student; one under instruction,,,
????,mokau,Sanskrit,?muc (????),Neuter noun — Nominative / Accusative Dual,"The two pupils / students; the two cast-off skins (dual), context-dependent",,,
????,muh,Sanskrit,?????,"Verb root (4th class, Parasmaipada), causative ?????","To faint, lose consciousness; to be bewildered, confused, or perplexed; to be foolish; to err or fail. Causative: to stupefy, confuse, delude, cause to err.",,,
???????,muhukai?,Sanskrit (Vedic/Classical),????? (muhuka),Instrumental Plural (Neuter a-stem noun),By moments; with instants; through brief moments,,,
????,m?kau,Sanskrit,??? (m?ka),"Noun, nominative dual",Two mute ones; the two silent ones,,,
????,mukhau,Sanskrit,?mukh,"Noun, dual nominative",Two mouths,,,
????,mu?,Sanskrit,?mu? (????),"Verb Root, Class 6 (Parasmaipada)",To promise; to vow; to pledge,,,
??,?,Sanskrit,—,Grammatical augment / connector,Spoken hyphen; linking augment inserted between sounds or words (P. VIII.3.32),,,
?,na,Sanskrit,—,Indeclinable particle,"Not, no, negation",,,
???,n?da,Sanskrit,?nad (???),Noun – Masculine,"Loud sound, roar, cry, reverberation; mystic tone; sometimes linked to semi-circular resonance or cosmic arc",,,
????,n?dara,Sanskrit,na (?) + ?dara (???),masculine noun,"disrespect; lack of regard, honor, or attention",,,
???,nah,Sanskrit,?nah (???),Verb Root,"To bind, to fasten, to tie, to harness",,,
???,nahana,Sanskrit,?nah (???),Noun (derived from verb root),"Binding, tying, restraint; a bond or act of fastening or covering",,,
????,nahya,Sanskrit,?nah (???),Verb (2nd person),you tie / you bind,,,
???,naina,Prakrit,"??? (nayana, Sanskrit)",Noun,Eye; sight; vision,,,
??,nain?,Prakrit,"From Sanskrit ???? (nayan?, “having eyes”)",Noun / Adjective (feminine),Having eyes; eyed; one who possesses sight (often used poetically for a female figure or watcher).,,,
???,naiya,Prakrit,Sanskrit ?n?d / ?nad (????),Noun / Verb (Prakritized),"Sound, noise, echo; to reverberate, to make a loud sound",,,
??,naka,Sanskrit,from ?????? / n?ka (ancient Vedic noun with no productive root),Masculine noun,sky; heaven; the highest heaven; the celestial realm,,,
????,nak?ra,Marathi,na (“no”) + k?ra,masculine noun,denial; refusal; rejection; disallowing; declining; the act of refusing; the marking of a rejected draft or bill,,,
?????,n?k?ra,Marathi,—,masculine noun,refusing through disapproval; rejecting; declining; disallowing,,,
??????,n?k?r?,Marathi,—,adjective,bad; worthless; useless,,,
?????,nakk?,Marathi,nak? (???),Adjective / Adverb,"Exact, definite, certain; fixed, settled; surely, indeed, precisely; correct, true",,,
???,nan?,Sanskrit (Vedic),nan?,Feminine Noun,1) Speech; 2) Mother; 3) Daughter,,,
????,n?n?,Sanskrit,n?n?,Adverb / Qualifier,"Various, diverse, distinct; used to denote separation, plurality, or difference",,,
???,nanu,Sanskrit,na + nu,indeclinable particle,"particle used for interrogation (“is it not?”), affirmation (“surely,” “indeed”), polite request (“please,” “pray”), mild vocative address (“O”), objection or contrast (“but,” “however”), and assent in dialogue (“yes, indeed”).",,,
???,nare,Sanskrit,?? (nara),Locative singular,"In / on / at the man, horse, or water.",,,
??,nau,Sanskrit,—,Cardinal Number,"The number nine (9); symbol of completion, finality, or fullness in many Vedic contexts",,,
????,nauka,Sanskrit,?? (nau),Noun (feminine),"Boat, ship, or vessel; often symbolic of passage, crossing, or conveyance—used in Vedic and poetic texts to signify spiritual crossing, journey, or refuge.",,,
????,nauk?,Sanskrit,??? (nu) + k? (suffix)*,Feminine noun,boat; small boat,,,
????,naukau,Sanskrit,?n?,"Noun (feminine, dual)","Two boats, pair of boats",,,
????,nauke,Sanskrit,"From nauk? (????, boat, vessel)",Noun – Nominative/Accusative dual (feminine ?-stem) or Vocative singular,The two boats; the two vessels; vocative: “O boat!” (In canon: the two Emissaries).,,,
???,naur,Sanskrit / Prakrit,??? / ?? (nau),Noun (oblique form),"Boat, ship, vessel; by extension, a carrier, vehicle, or means of passage",,,
???????,naur?o,Prakrit (Sanskrit influence),?? (nau),Nominative singular (masculine),The boat; the vessel,,,
???,nay,Sanskrit,??? (?naya),Verb (1st class ?tmanepada),"To go, move; to protect, preserve, defend, to send forth",,,
??,naya,Sanskrit,?n? (??),Noun – Abstract/Substantive,"Leading, guiding, conduct, policy; act of bringing or directing",,,
???,nayana,Sanskrit,??? (n? — “to lead”),Noun (neuter),"Eye; the organ of sight; also metaphorically “vision,” “seeing,” or “guidance”",,,
??????????,nayanirnauke,Sanskrit,"??? (nayana, eye) + ???? (nir-, without) + nauk? (????, boat, vessel)",Compound noun – Nominative/Accusative dual (feminine ?-stem),The two sightless boats or vessels (in canon: the two sightless Emissaries).,,,
??????,Nayikau,Sanskrit,?????? (n?yik?),Feminine noun – Nominative / Vocative Dual,Two heroines; two mistresses,,,
??,ne,Sanskrit,"??? (n?, to lead, carry, take)",Verb form (perfect / imperative in some contexts),He/She/It has led; has carried; or (as imperative) “Lead!”,,,
??,?e / nye,Prakrit,?? (naya),Verb / Inflected form,"To lead, guide, direct; to take or carry (context-dependent)",,,
????,?ehe,Prakrit,?eha (? Skt. sneha),Locative Singular (masc. a-stem); also Accusative Plural in some Prakrit paradigms,"In / within affection, attachment, tenderness (loc. sg.); affections, attachments (acc. pl., context-dependent)",,,
???,n?ka,Marathi,nek (loan),adjective,virtuous; honest; upright; faithful; morally good (of a person or an action),,,
?????,nekay?,Marathi,??? (neka),Dative Singular,to the good one; for the virtuous or upright one,,,
??????,n?k?y?,Marathi,???? (neka),Dative singular (f./m.),To/for the virtuous person; to/for the righteous action,,,
????,neke,Marathi,??? (neka),Plural,virtuous ones; good people; those who are righteous,,,
??????,nekki,Prakrit / Vernacular,n?ti (????) – conduct,Noun – Feminine,"Uprightness, moral virtue, good conduct",,,
???,nela,Prakrit,an-enas (??+????),Adjective,"Pure, unstained, without fault — especially used for pure speech or faultless sound.",,,
?????,n??a??,Marathi,???- (negative stem of “to know”),Verb (infinitive),to not know; to be ignorant of; to fail to understand,,,
????,nene,Marathi / Prakrit,"??? (n?, to lead, carry, take)",Verb form (past/habitual/imperfect),Took; carried; led; used to take.,,,
????,n???,Marathi,Prakrit diminutive form (ne??),Noun,small pot; small container; tiny vessel often used as an oil lamp,,,
???,nera,Marathi,??? (nera),Noun,"Dust, scraps, waste; refuse matter",,,
???,?eya,Prakrit,??? (Skt. ???),Gerundive / Passive Participle,"To be led, guided, conducted; one who should be guided or protected.",,,
????????,nicer?n,Sanskrit,?????? (niceru),Accusative plural (u-stem adjective),"Gliding, creeping, slipping; those who move quietly",,,
???,n??a,Sanskrit,?n?? (????),Noun,"Nest; a resting or dwelling place for birds; by extension, a shelter or habitation.",,,
???????,nighn?na,Sanskrit,"?han (???) — “to strike, kill”",Agentive Participle / Adjective,One who destroys; destroyer.,,,
???,nih,Sanskrit,??? (from prefix ni),Indeclinable Prefix (upasarga),"Out, forth, away; without, devoid of; down, completely, thoroughly. Used before voiceless consonants and in compounds.",,,
????,nih,Sanskrit,"From ?han (to strike, kill)",Noun (masculine),"Slayer, killer; one who strikes down. Also “expelled, driven out.” (Vedic usage).",,,
???,ni?,Sanskrit,ni? (prefix),Indeclinable prefix,"Out of, away from, without; used to express removal, absence, separation, or intensification",,,
?????,nihni,Sanskrit,ni? (???) + ni (??),Compound / Prefix + Root,“To send out/down completely”; “to remove entirely”; can also mean “utterly devoid of” depending on context.,,,
???,nika,Prakrit,—,Noun / Root,"Desire, longing, yearning; a feeling of wanting or wishing for something.",,,
???,n??a,Prakrit (with Sanskrit influence),"?n? (to lead, guide, carry)",Past participle / adjectival form,"Led, brought, carried, conducted. Attested in Middle Indo-Aryan inscriptions and texts as a descriptor of something/someone moved or guided from one location to another.",,,
????,ninau,Sanskrit,"?n? (??) – to lead, carry, bring",Nominative Dual (Masculine/Neuter),The two led; the two brought; the two guided,,,
????,ninau,Sanskrit,?nin (????),Nominative / Accusative / Vocative Dual,"Two who have left, departed, or withdrawn",,,
????,?oh?o,Prakrit / Marathi,???? (?oh?) < Skt. snu??,Dual (nom./acc./voc.),Two daughters-in-law,,,
????,noka,Marathi,"Sanskrit root noka / nakha (point, tip)",Noun (feminine),"point; sting; beauty; moral or central feature; particular excellence or air; innuendo, hint, or slight insinuation",,,
??,n?,Sanskrit,— (from PIE h?ner-),Noun,"Man, person, mankind, leader.",,,
??,n?,Sanskrit,??? (n?),Verb root (Parasmaipada),"To bring to, to lead.",,,
??,nu,Sanskrit,??? (nu),Verb root / Onomatopoeic,"To roar, to praise, to bellow (as thunder, lion, or war cry)",,,
???,nuna,Prakrit,????? (ny?na),Singular nominative,The wicked one; the deficient one,,,
????,nunau,Sanskrit,?nud (????),"Verb – 3rd person dual, perfect tense",The two pushed / expelled,,,
????,nunau,Sanskrit,"ny?na (?????) – deficient, lacking",Adjective – Dual form,The two deficient ones; an imperfect or lacking pair (possibly male and female),,,
????,nuno,Prakrit,????? (ny?na),Adjective (Masc. Nom. Sing.),"Wicked, vile, defective, deficient, morally corrupt, lacking; masculine singular form of nuna, derived from Sanskrit ny?na",,,
????,nuno,Prakrit,ny?na (?????),Plural Nominative,The wicked ones,,,
?????,nyanena (properly nayanena),Sanskrit,??? (nayana),Instrumental Singular (neuter),By / with / through the eye; by means of sight or vision,,,
??????,ny?r?,Marathi,—,Adjective,"Separate, unique, distinct",,,
????,nye,Sanskrit,"from ?n? (to lead, carry, bring)",Verb root (in compounds or causative),"to fall; to be led or carried down; to descend into or toward (a state, place, or condition)",,,
?,o / oh,Sanskrit,—,Interjection / Particle,"A vocative exclamation; used to call attention, express emotion, or invoke someone. Similar to “O!” or “Oh!” in English.",,,
??,oi,Sanskrit (onomatopoetic / phonetic),—,Indeclinable sound / exclamation,"An interjection or exclamatory particle; used vocally to express calling, attention, or emotional emphasis — similar to “O!” or “Hey!” in English.",,,
???,ojo,Sanskrit,ójas,"Noun (masculine/neuter, nominative singular)","Vigour, strength, vital energy, appearance, bodily luster",,,
??,oka,Sanskrit,???? (uch) — to dwell,Noun,house; refuge; shelter; bird; a ??dra,,,
??,?ka,Marathi,—,Feminine noun,"Vomit, the matter thrown up",,,
???,?k?,Marathi,—,Adjective,"Bare, naked, void, lacking usual ornaments or accomplishments",,,
???,okau,Sanskrit,?? (oka),Nominative / Accusative / Vocative Dual (Masculine),two houses; two refuges; two shelters; two dwellings; two birds; two ??dras,,,
???,o?,Sanskrit,???? (O?),"Verb root (Class 1, Parasmaipada)","to remove, take away, drag along, abstract",,,
???,?r?,Marathi,—,masculine noun,sudden surge or rush of water; rapid influx or runoff,,,
??,oya ,Prakrit,from Sanskrit ?? (ogha) or ???? (ojas) depending on context,Noun / Interjection,"Depending on derivation: (1) Flood, stream, multitude (ogha); (2) Vitality, vigor, energy (ojas).",,,
???,oyara,Prakrit,avat?ra (?????) – Sanskrit,Noun,"Descent, incarnation; especially of a deity — “avatar”",,,
???,rada?,Sanskrit,?rad (???),"Noun – Masculine, Nominative Singular",A tooth; a tusk; a biting tooth-like structure,,,
???,radau,Sanskrit,???? (rad) — to bite,Noun (masculine dual),the two tusks; a pair of teeth,,,
????,R?dh?,Sanskrit,?radh (???),Proper noun / Feminine name,"The one who is successful, accomplished, or brings fulfillment; beloved consort of Krishna",,,
????,Radhe,M?h?r???r? Prakrit (from Sanskrit ?????),R?dh? + -eya,Vocative singular (masculine epithet),O Radhe!; address for the son of R?dh? (Karna); the -ya suffix dropped in Prakrit speech simplification,,,
????,R?dhe,Sanskrit,?r?dh (????),Vocative (feminine),O Radha! (vocative case),,,
???,rah,Sanskrit,?rah (???),Verb Root (Parasmaipada),"To quit, leave, abandon, forsake; to keep away from, avoid.",,,
????,r?j?,marathi,from sanskrit r?jan,masculine noun,king; ruler; monarch,,,
????,rarada,Marathi,r?ra (????),Noun,"Loud wailing, shrieking, tantrum-level crying or lamenting",,,
??????,r?rayo?,Sanskrit,???? (r?r?),"Genitive / Locative dual (fem. ?-stem, derived proper noun)","of / in the paired R?r?-domain(s) — a dual locus, jurisdiction, or authority derived from the name R?dh?; not two persons, not an attested alternate personal name",,,
??,rau,Sanskrit,?ra / ?r? / ?ram (variously derived),"Masculine a-stem, dual",two fires; two heats; two desires; two speeds (dual of ra in all its noun senses),,,
?????,ray?n,Sanskrit (Vedic),??? (rayi),accusative plural (m./n. i-stem),"waters; wealths; stores of wealth; materials; substances; resources; embodied provisions or energies as objects taken, bestowed, infused, or acted upon",,,
????,re?a,Marathi,"native Marathi root, possibly from Dravidian substrate or expressive origin",Noun,exuberance; excess; glut; superabundance; an overflowing or overfull state,,,
????,re?e,Marathi,???? (re?a),Noun (plural),Male buffaloes.,,,
????,rere,Marathi,rare (???),Feminine noun / Verb (kara),"Crying or piping, especially childishly or meanly; figuratively, to lose heart or draw back from faintheartedness; also to dawdle along in one’s work complainingly; as a verb (kara), to cry out suddenly or sharply. (Molesworth: Marathi–English Dictionary)",,,
????,rodau,Sanskrit,"?rud (???? — to weep, cry, lament)",Nominative / Accusative / Vocative dual (Agentive noun),Two who wail or lament; two mourners,,,
????,rodhau,Sanskrit,??? (rodha),Dual (nom./acc./voc.),Two obstacles; two hindrances,,,
????,rodo,Sanskrit,?rud (????),Noun – Agentive / Masculine,"One who wails or laments; a mourner, lamenter",,,
?????,rohan,Sanskrit,?ruh (????),Present Participle (Parasmaipada),Rising; growing; ascending; mounting; one who climbs.,,,
????,rokau,Sanskrit,"From roka (light, hole, boat, movement)","Noun (dual, nominative/accusative)",Two lights; two boats/ships; two holes/chasms; two moving or shaking ones (depending on context).,,,
????,ruh,Sanskrit,????? (ruh),Verb root (?tmanepada),"To spring up, grow, arise, ascend, or shoot forth.",,,
???,rui,Marathi,—,Noun,A large antelope; also used for large deer-like animals or game in regional speech,,,
????,ru?,Sanskrit,?ruj,Root (used in compounds),"to break, injure, pain, hurt",,,
????,ru?,Sanskrit,????? (ruj),Verbal Root (used in compounds),"to break, injure, damage, cause pain",,,
???????,rundan,Sanskrit,?rud,Present participle (masculine nominative singular),"Weeping, crying, lamenting",,,
??,saka,Sanskrit,??? (?ak),Verb root,to be able; to be capable; to have power,,,
????,samghau,Sanskrit / Prakrit,?sa?gh (sa?gha),Noun – Dual (Nom./Acc.),Two assemblies / two congregations,,,
????,sa?ghau,Sanskrit,"??? (sa?gha) — “assembly, group, host, union”",Dual form (nominative/accusative/locative),"Two groups, two assemblies, or two hosts.",,,
????,sa?ghau,Sanskrit,?sa?gh,"Noun, nominative/accusative/vocative dual","Two assemblies, two gatherings, two unions, or two groups",,,
?????,sa?ghe,Sanskrit,???? (sa?gha),Locative Singular (noun),In the assembly / within the group,,,
???,?an,Sanskrit,??an,Verb root (Class 1/8 hybrid attested),to love; to like; to worship; to honor; to acquire; to obtain; to receive graciously; to give; to bestow; to distribute,,,
???,?ana,Sanskrit,??an,"Verb — 2nd person singular, imperative (lo?), parasmaipada",gain! acquire! receive! accept! bestow! honor!,,,
?????,?a???,Sanskrit,??a?? (????),feminine noun,female eunuch; third-sex individual,,,
????,?arad?,Sanskrit,?arad,feminine noun,autumn; a year,,,
????,??rada,Sanskrit,?arad,adjective,"autumnal; annual; new, recent; young, fresh; modest, shy; diffident; able, clever",,,
?????,??rada?,Sanskrit,?arad,masculine noun,a year; an autumnal sickness; autumnal sunshine; a kind of kidney bean; the Bakula tree,,,
?????,?armaka,Sanskrit,???? (?arma),"Noun (masculine plural, ethnonym)","Name of a people or tribe mentioned in the Mah?bh?rata. Derived from ?arma meaning “peace” or “protection,” the term denotes “the ?armaka people.”",,,
??,?aya,Sanskrit,"From ??? (??, “to lie down, rest”)",Noun,"1) Sleep, lying down, bed, couch; 2) A snake (esp. boa constrictor, per lexicographers); 3) Hand; 4) Abuse, curse; 5) A stake.",,,
??,?e,Sanskrit,??? (??),"Present tense, 1st person singular, ?tmanepada","I lie, I rest, I recline",,,
????,seke,Sanskrit,?sic (????),Locative Singular of Masculine Noun,"“In the sprinkling,” “upon the pouring,” “in the libation.”",,,
????,sek?,Sanskrit,?sich (????),Feminine agent noun,She who sprinkles; libator,,,
???,?em,Prakrit,"From Sanskrit ?? (?ata, “hundred”)",Numeral,One hundred (100).,,,
????,s?m?,Marathi,Prakrit sema / seyam,Noun,prosperity; safety; welfare; well-being,,,
???,sen,Prakrit,?yena (?????),Noun (masculine),"Hawk, falcon, raptor",,,
???,se?a,Prakrit,"from Sanskrit sena (?s? “to bind, hold together”)",Noun,"Army, troop, band; also figuratively a company, following",,,
???,??na,Marathi,?yena,Noun (masc.),"hawk, falcon",,,
???,???a,Sanskrit,??i? (to remain),masculine noun,"?e?a; the king of the serpent-race, depicted as a vast thousand-headed serpent who serves as both couch and canopy of Vi??u, and as the upholder of the world, which rests upon one of his heads",,,
????????,?e??n?m,Sanskrit,??? (?e?a),Genitive Plural (masculine),of the Serpents ?e?a (of the ?e?as),,,
????,?e?e,Sanskrit,?i? (to remain),Locative singular (masculine a-stem),in ?e?a; upon the thousand-headed cosmic serpent; within ?e?a,,,
?????,?e?e?a,Sanskrit,??? (?e?a),Instrumental Singular (masculine),"By, with, or by means of the Serpent ?e?a (Ananta ?e?a, the cosmic serpent)",,,
???????,?e?yam,Sanskrit,??? (?e?a),Neuter accusative singular (gerundive derivative),That which is to be left; remaining; remainder,,,
??????,?i?ge,Sanskrit,?i?ga,locative singular (masculine a-stem noun),"in the tree; in the youth (ki?ora); in ?i?ga (personal name), context-dependent",,,
??????,?i?gh,Sanskrit,???????,Class 1 Parasmaipada verb,to smell; to sniff; (with upa: to kiss),,,
????,sucau,Sanskrit,????? (s?c),"Verb (3rd person dual, ?tmanepada)",the two indicate; the two gesture or reveal; the two pierce or see with insight,,,
???,sur,Marathi,from Skt. sura (???),Noun,"Voice, melody, musical note, or divine harmony; a tone expressing alignment or resonance",,,
????,??r,Sanskrit,???r,"Verb, 4th class ? (??ryate)",to hurt; to kill; to be firm,,,
????,??r,Sanskrit,???r,"Verb, 10th class ? (??rayati-te)",to be valiant; to act heroically; to exert force,,,
??????,surasura,Prakrit,sura + asura (Prakrit forms),Compound noun,Suras and Asuras; the divine beings and their opposing beings,,,
??????,sy?maka,Sanskrit,"sy?ma (dark, dusky)",Masculine noun,A kind of grain; millet (Panicum frumentaceum),,,
???????,?yenen?,Sanskrit,????? (?yena),Instrumental Singular,"by the hawk; with the falcon; through the eagle — symbolically, by the divine messenger",,,
???,tay,Sanskrit,??? (?tay),Verb (1st class ?tmanepada),"To guard, protect, preserve; to extend, spread out, expand",,,
??,te,Sanskrit,—,"Pronoun (2nd person, instrumental, Vedic/poetic)",with you; by you,,,
????,teke,Sanskrit (canon),Teka,Locative singular (masculine a-stem),in Teka; within Teka; upon the Demon Teka,,,
??,ti,Sanskrit,?ti,"Verb Root (Class 1, Parasmaipada)",To make wet; to moisten; to dampen.,,,
??,ti,Sanskrit,?ti,"Verb Root (Class 4, Parasmaipada)","To become wet; to become quiet, tranquil, or calm.",,,
????,?ik?,Marathi,—,Feminine noun,A job; an occupation; a means of livelihood/employment.,,,
????,tokau,Sanskrit,toka (???),Noun (masculine) – nominative dual,Children; sons; young ones; offspring; descendants (esp. in poetic or Vedic use),,,
????,?okau,Prakrit / Marathi,??? (?oka),Noun (Plural / Diminutive),"Children; little ones; offspring. Also: a sharp remark or interruption, depending on context.",,,
????,to??n,Prakrit,"??? (to?a, “small; little”)",Accusative plural,the small ones; the little ones,,,
????,totau,Sanskritized (from Prakrit/Marathi),??? (tota),Dual (nom./acc./voc.),Two small ones; two little ones,,,
??,tu,Sanskrit,— (indeclinable particle),Indeclinable,"But, however, on the contrary",,,
????,tun,Sanskrit,?????,"Verb root (8th class, Parasmaipada)",to make crooked; to deceive; to mislead; to distort,,,
????,tu?,Sanskrit,?tu? (????),Verb Root (Class 6 P),"To curve, bend, make crooked; to act fraudulently; to deceive; to be crooked",,,
??????,tungau,Prakrit / Sanskritic hybrid,"from Sanskrit tunga (high, elevated, chief, noble) + dual suffix -u",Dual Nominative,the two chiefs; the two exalted ones; the pair of leaders,,,
????????,Ujjayin?,Sanskrit,"?ji (to conquer, overcome)",Proper noun (feminine),"Ancient city in Madhya Pradesh, historically known as the capital of Avanti; name means “the victorious one” or “she who has conquered.”",,,
????,u?ghai,Prakrit,From u?gha ? Skt. nidr?,Verb – Present 3rd person singular,He/She/It sleeps; falls asleep; dozes.,,,
???,?n,Sanskrit,??n,Verb Root (Class 10 P),"To decrease, deduct, detract; to mete out in small amounts, to measure.",,,
??,una,Prakrit,"From Sanskrit ?? (?na, “deficient, lacking”)",Adjective / Noun,"Deficient, lacking, less; by extension at fault, guilty",,,
???,unau,Prakrit,?t?k?? (???????),Adjective – Dual form,The two clever ones; sharp or intelligent individuals,,,
???,unau,Sanskrit,?un (???),Adjective – Dual (Masc./Neut.) Nom./Acc.,The two lacking; a deficient pair; two incomplete ones,,,
?????,uńchau,Sanskrit,"uńch (to glean, gather)",nominative / accusative / vocative dual (masculine a-stem: ?????),two gleaners; two acts of gleaning; two instances of gathered grain,,,
?????,und,Sanskrit,"?und (to wet, moisten)",Verb Root,"To wet, moisten, sprinkle, drench",,,
??????,u??uka,Sanskrit,"?u?? (retroflex, medical/folk root)",Masculine Noun,"1. A species of leprosy; 2. A texture, net; 3. The stomach",,,
???????,undukau,Sanskrit,"From ?????? (unduka, “rat, mouse”)",Masculine Noun (Dual),"Two rats, two mice (vermin)",,,
???????,u??ukau,Sanskrit,"From ?????? (u??uka, “leprosy, stomach, net”)",Masculine Noun (Dual),1. Two cases of leprosy; 2. Two stomachs; 3. Two nets/textures,,,
???????,u??ukau,Sanskrit,—,"masculine noun, dual (nominative / accusative)", two instances of a species of leprosy; two textures or nets; two stomachs,,,
???,ur,Sanskrit,?ur (???),Verb Root (Sautra),"To go, to move, to proceed",,,
????,uvan,Sanskrit,???? (van),Agent noun / past participle,"One who has gained, won, or attained",,,
???,v?ya,Sanskrit,?ve (??),Noun (masculine),"Weaving; a weaver; a thread or strap; also, a patronymic for a bird (esp. crow).",,,
?????,vayin,Sanskrit,"??? (vy? / vay) — “to weave, to plait”",Adjectival derivative / agent noun,"Weaving, sewing; one who weaves or sews.",,,
?????,v???e,Marathi,v???a,plural direct (nominative) noun,"Twists; coils; windings; contortions—especially of grass, rope, or bowels; plural form indicating multiple tight twists or constrictions",,,
????,verada,Prakrit,From Sanskrit vaira (???) “enmity”,Masculine Noun,"1. Earthworm; 2. Hostility, enmity",,,
???????,virahin,Sanskrit,"?rah (???) – to leave, abandon",Adjective,"Lonely, solitary, separated, deprived of companionship",,,
??????,virudau,Sanskrit,vi + ?rud (????),"Noun (masculine, nominative/accusative/vocative dual)","Two proclamations, eulogies, or public praises.",,,
??,y?,Marathi,–?? (–y?),Suffix (Genitive),A genitive suffix indicating possession; translates as “of” or “belonging to.”,,,
?????,yadartha,Marathi,Skt. yad + artha,adverb / postposition,for that purpose; regarding that; concerning that,,,
???,yam,Sanskrit,?yam,verbal root (1st class),"to govern, rein in, and control by restraint or guidance, as a rider governs horses",,,
???,y?na,Sanskrit,?y?,Verbal Noun (lyu?),"going, moving, marching; invading, attacking, or retreating before an enemy; vehicle or conveyance",,,
??????,y?n?ni,Sanskrit (Prakrit: ?????? y????i),"?ya (to go, move)","Neuter Noun, Plural (Nom./Acc.)","Vehicles, carriages, chariots; journeys, movements; military expeditions",,,
???,yanau,Sanskrit,?yana (???),Dual Nominative (Masc./Neut.),The two who march; the two who go forth; the twin voyagers or ones who move against,,,
????,y?ne,Sanskrit,???? (yam),Locative singular (neuter a-stem),in the vehicle; within the carriage; in the conveyance,,,
????,yanuna,Prakrit,??? (from Sanskrit ???),Conjunctive / Optative Particle,"Suppose, rather, let it be so; conditional alternative",,,
Devanagari,Romanization,Language,Root,Grammatical Form,Definition,,,
????,y?rada,Marathi,—,Vocative,O small horse; O puny or sorry breed; O feeble or weak creature,,,
?????,y?rad?,Marathi,—,Noun (masculine),"small horse; a puny or sorry breed; used of horses, sometimes extended metaphorically. This term is often colloquially applied in Marathi to describe something feeble, weak, or of little worth — especially when referring to animals or sometimes people.",,,
?????,yarad??,Sanskrit,?yarada,"Masculine Noun, Nominative Plural",Small horses (more than two)Low and small; of puny and sorry breed; fit only to carry burdens,,,
?????,y?rad?,Marathi,—,Noun,Hereditary assistant; hereditary office.,,,
?????,y?r??,Marathi,yara (from Persian),"Noun (masculine, nominative plural)",Friends,,,
??,ye,Sanskrit,??? (yad),"Relative pronoun, nominative plural masculine","those who, they who, which ones",,,
????,yed?,Marathi,—,Adjective / Noun,mentally unstable; foolish; insane person,,,
???,yen,Sanskrit,??? (yat),Instrumental singular (relative pronoun),"By whom, by which; through whom/which — poetic or archaic form of yena.",,,
???,yera,Marathi,—,Adjective / Pronoun,"Other, another, different.",,,
????,Yin?,Sanskrit (poetic abbreviation),?ji (to conquer),Feminine noun / short form,"Abbreviated form of Ujjayin?, “the victorious one,” referring to the city of Ujjain.",,,
???,yon,Prakrit,?yu (??),Noun (contracted form),"Womb, origin, generative source; phonetic variant of yoni",,,
????,yonau,Sanskrit / Prakrit,yona (from yavana),Plural Noun,Two Foreigners; beings of another race or species,,,
????,yone,Prakrit (from Sanskrit),??? (Y?),Feminine noun (inflected),"Womb, origin, source, species",,,
????,y?n,Sanskrit,—,Adjective / Noun,Young; a youth or younger descendant (while the elder is still living).,,,
???,yuna,Sanskrit,?yun (??),Noun (derived),"Band, cord, string; something that joins, binds, or connects",,,
????,yunau,Sanskrit,yuna,Noun – Dual (Nom./Acc.),Two cords / Two bands / Two strings,,,
??????,y?no?,Sanskrit,"from y?na (neuter noun, from y?tha)",Dual Genitive,of the two cords; of the two bands or strings,,,
?,?ha,Sanskrit,— (onomatopoetic / nominal base),"Noun (masculine, singular)","Serpent; also a dog, drum, or imitative sound depending on context",,,
???,ine,Sanskrit,?? (ina),Locative singular (masculine a-stem),In/on Ina; in the Lord; on the Sun,,,
